index,post_id,comment_id,comment_text,comment_time
1,906705411051500,711696274173130,1 trong nhá»¯ng láº§n Ä‘áº§u tiÃªn ???,2023-11-10 00:00:00
2,906220787766629,298534133101343,"Stream EP â€˜Äan Xinh In Loveâ€™: https://
www.youtube.com/
watch?v=25cIL-YQ
Ug0&list=PLHHwm
Fh3owXRov23jkme
NJTbNSdS7oSh4&i
ndex=1",2023-11-02 00:00:00
3,906220787766629,327822609859667,"Pre-order 'Äan Xinh In Love' Box Set: http://
wmvn.lnk.to/
PreOrder-EPBINZ",2023-11-02 00:00:00
4,906220787766629,1379789782968425,Thanh Thanh chuáº©n luÃ´n :)),2023-11-14 00:00:00
5,906220787766629,906150937742787,Xem nháº¡c .coi nháº¡c.. chá»© nghe gÃ¬ troi,2023-11-09 00:00:00
6,906220787766629,1412939916101921,bÃ i nÃ y lÃ m láº¡i thÃªm khÃºc crush cá»§a chÃº Binz nhÆ° bÃ i Taste thÃ¬ nÃ³ 100Ä‘,2023-11-02 00:00:00
7,906220787766629,731854588787023,Xem cá»© tÆ°á»Ÿng Ä‘ang xem Ä‘Ä©a DVD bá»‹ váº¥p Ä‘Ä©a cÆ¡ . Ãš Å© u con cu,2023-11-09 00:00:00
8,906220787766629,3472938776254350,LÃª Tháº£o My á»§a binz cá»§a kao Ä‘ou ?,2023-11-09 00:00:00
9,906220787766629,310877418549149,NhÃ  ther comback,2023-11-09 00:00:00
10,906220787766629,1526671268092453,Minh N. Tran,2023-11-09 00:00:00
11,906220787766629,1046108466736804,Marcus Nguyá»…n,2023-11-02 00:00:00
12,906220787766629,319887550757481,LÃª Tuáº¥n :( thá» buá»“n vl,2023-11-02 00:00:00
13,906220787766629,879293086722850,á» Ä‘Ã¢y cÃ³ tÃºi xinhâ¤ï¸,2023-11-02 00:00:00
14,906220787766629,1006205840659498,ğŸ¤£ğŸ¤£ğŸ¤£,2023-11-10 00:00:00
15,906220787766629,850794406702521,Hay,2023-11-02 00:00:00
16,906176837771024,368280532210157,"Stream EP â€˜Äan Xinh In Loveâ€™: https://
www.youtube.com/
watch?v=25cIL-YQ
Ug0&list=PLHHwm
Fh3owXRov23jkme
NJTbNSdS7oSh4&i
ndex=1",2023-11-02 00:00:00
17,906176837771024,863287048477254,"Pre-order 'Äan Xinh In Love' Box Set: http://
wmvn.lnk.to/
PreOrder-EPBINZ",2023-11-02 00:00:00
18,906074477781260,350206614232056,Nguyen Anh Tuan,2023-11-02 00:00:00
19,906074477781260,1347548922798461,"Äan xinh:)
Äan xinh in lá»›ve",2023-11-02 00:00:00
20,905200494535325,339828915366086,giaajt ruc het ca dau,2023-11-02 00:00:00
21,905200494535325,677696877790142,...,2023-11-02 00:00:00
22,905168817871826,234647419385197,ğŸ·,2023-11-02 00:00:00
23,905168817871826,1262243614357589,ğŸ¥‚,2023-11-02 00:00:00
24,905168817871826,381331381001534,Trang NamKyubi,2023-11-02 00:00:00
25,905168817871826,873411134179387,ğŸ·,2023-11-02 00:00:00
26,905168817871826,3468779570041072,ğŸ«¡,2023-11-02 00:00:00
27,904533127935395,205246982522006,QuÃ¡ tuyá»‡t vá»i luÃ´n,2023-11-02 00:00:00
28,904533127935395,659973196126256,â¤ï¸â¤ï¸â¤ï¸â¤ï¸â¤ï¸,2023-11-09 00:00:00
29,904215434633831,1520416268777415,T MiNh Nguyen,2023-11-02 00:00:00
30,904215434633831,882988033340589,VÃµ Há»“ng Nhung,2023-11-02 00:00:00
31,903624898026218,3508318039422707,"'Hit Me Up' MV: https://
www.youtube.com/
watch?v=3gNuUcPg
1fk",2023-11-02 00:00:00
32,902674608121247,722924589679307,Nháº¡c nÃ y Ä‘áº¹p trai quÃ¡ iiiiii ğŸ˜˜,2023-10-26 00:00:00
33,902674608121247,829430828669885,Chill quÃ¡,2023-10-26 00:00:00
34,902630624792312,876202887476521,bÃ i hÃ¡t nÃ y Ä‘áº¹p zaiii ğŸ¥³,2023-10-26 00:00:00
35,902630624792312,734152761998854,Äá»£i anh ra nháº¡c tá»« lÃºc em chuáº©n bá»‹ cÆ°á»›i Ä‘áº¿n giá» em sáº¯p Ä‘áº» rá»“i,2023-10-26 00:00:00
36,902630624792312,240013802405345,Æ°á»›c Ä‘Æ°á»£c lÃ m ná»¯ chÃ­nh :3,2023-10-26 00:00:00
37,901489891573052,1235690983767647,ÄiÃªu Ä‘á»©ng tháº­t,2023-10-26 00:00:00
38,901022978286410,295026356777379,Tui cháº£ hiá»ƒu English,2023-10-26 00:00:00
39,901022978286410,6770734949681510,ChÆ¡i trÃ² Ä‘oÃ¡n tÃ¢m lÃ½ nÃ y dÃ¹ Ä‘Ãºng hay sai cÅ©ng khÃ¡ thÃº vá»‹ ğŸ˜†,2023-11-02 00:00:00
40,901022978286410,6640188599426997,Äá»±c ko ra Ä‘á»±c mÃ  cÃ¡i ko ra cÃ¡i,2023-11-02 00:00:00
41,901022978286410,327926916592558,=))) k láº½ vá»‘n tiáº¿ng viá»‡t Binz bá»‹ háº¡n cháº¿ ha ta,2023-10-26 00:00:00
42,901022978286410,985646645866779,"Viá»‡t k ra viá»‡t , tiáº¿ng anh k ra tiáº¿ng anh",2023-10-26 00:00:00
43,901022978286410,296335420023901,Hay quÃ¡ Binz Æ¡ii huuuu,2023-11-09 00:00:00
44,901022978286410,1019982896006820,KhÃ³ hÆ¡n chÆ¡i Ä‘á» ğŸ˜¸,2023-10-26 00:00:00
45,901022978286410,1018399755971414,ChÃ­inh xÃ¡c ai cÅ©ng bá»‹,2023-10-26 00:00:00
46,901022978286410,283420177989714,"=)))).Ná»­a Viá»‡t,ná»­a tÃ¢y",2023-10-26 00:00:00
47,901022978286410,1042382920437783,HÃ¬,2023-10-26 00:00:00
48,901022978286410,1102391741133901,Tinh táº¿,2023-10-26 00:00:00
49,901022978286410,353441687358255,Nguyá»…n Háº£i Ä‘á»c dc chuea,2023-10-26 00:00:00
50,901022978286410,990658542228161,XuÃ¢n Tháº¿,2023-10-26 00:00:00
51,899498471772194,670773895152593,Háº£i LÆ°u tai trÃ¢u ğŸ˜‚ğŸ˜‚,2023-11-02 00:00:00
52,899498471772194,862952005139375,Cháº¥t lÆ°á»£ng,2023-10-26 00:00:00
53,899498471772194,738033168144815,ChÃ¢u xinh quÃ¡,2023-11-02 00:00:00
54,899498471772194,1399009127317252,TrÃ¹i Ã´i nghe mÃª ğŸ˜,2023-10-26 00:00:00
55,899498471772194,183845071433767,Hay,2023-10-26 00:00:00
56,899498471772194,885595546568160,Nguyá»…n KhÃ´i háº£ háº£:>?,2023-10-16 00:00:00
57,899498471772194,3603821079935488,Minh BÃ¬nh ğŸ˜‚,2023-10-16 00:00:00
58,899498471772194,1049076702930380,Minh BÃ¬nh Ä‘Ã n gÃ£i tay trÃ¢u :))),2023-10-16 00:00:00
59,899498471772194,297545286405404,CÃ¡ VÃ ng =)))),2023-10-16 00:00:00
60,899498471772194,864864325249193,Minh BÃ¬nh tai trÃ¢u Ã  ???,2023-10-16 00:00:00
61,899498471772194,1712621615809995,Thanh TÃ¹ng :v,2023-10-26 00:00:00
62,899498471772194,1452358992006197,Ngá»c NhÆ° :v,2023-10-26 00:00:00
63,899498471772194,6896331380386976,VÅ© Trung Ã‚n :v,2023-10-26 00:00:00
64,899498471772194,1298148874174406,Minh BÃ¬nh bro gay háº£???,2023-10-26 00:00:00
65,899498471772194,347533477761075,SiÃªu Phan háº£ ngay,2023-10-26 00:00:00
66,899498471772194,238514182558838,Minh BÃ¬nh Ä‘Ã n gáº£y tai trÃ¢u,2023-10-26 00:00:00
67,899498471772194,296810733289431,Tuáº¥n BÃ­ :b,2023-10-26 00:00:00
68,899498471772194,3633340946943808,Nguyá»…n KhÃ¡nh Linh Ä‘Ã¢u:)))),2023-11-02 00:00:00
69,899498471772194,1343703379612066,Chung Nguyen cÃ³ lyrics mÃ  â˜ºï¸,2023-10-26 00:00:00
70,899498471772194,360298006563861,"ChÃ¢u há»i Chan thÃ­ch Äƒn kem khÃ´ng
Chan khÃ´ng thÃ­ch Ä‘Ã¢u
â€¦",2023-11-02 00:00:00
71,899498471772194,1340493273522974,the shining t tÆ°á»Ÿng chucky =))),2023-10-26 00:00:00
72,899498471772194,811339297408495,hay v,2023-10-26 00:00:00
73,899498471772194,1526588954861440,CÃ²n casablanca,2023-10-26 00:00:00
74,899498471772194,1741300419704353,á»Ÿ trÃªn lÃ  tuliver lÆ°á»›t xuá»‘ng tháº¥y speace speaker,2023-11-14 00:00:00
75,899498471772194,1376287893268324,American beauty ná»¯a,2023-10-26 00:00:00
76,899498471772194,286828957586561,ÄÃ¢y cÃ³ gá»i lÃ  Ä‘áº¡o ko ğŸ¤£,2023-10-26 00:00:00
77,899498471772194,3504482359763764,Nháº¡c oke Ã­,2023-10-26 00:00:00
78,899498471772194,890778535842872,:)) cÅ©ng táº¡m ok,2023-10-26 00:00:00
79,899471695108205,168386103005450,"Pre-order 'Äan Xinh In Love' Box Set: http://
wmvn.lnk.to/
PreOrder-EPBINZ",2023-10-16 00:00:00
80,899471695108205,1512267022878265,Hay vl,2023-10-16 00:00:00
81,899454075109967,6618797198241465,"'Hit Me Up' MV
https://
www.youtube.com/
watch?v=3gNuUcPg
1fk",2023-10-16 00:00:00
82,899454075109967,997777851524354,"Stream ngayğŸ‘‡
WMVN.lnk.to/
HitMeUp",2023-10-16 00:00:00
83,899454075109967,264039053298391,"Pre-order 'Äan Xinh In Love' Box Set: http://
wmvn.lnk.to/
PreOrder-EPBINZ",2023-10-16 00:00:00
84,899454075109967,6637157916337685,ğŸ«°,2023-10-16 00:00:00
85,898972625158112,1380873336108656,"Stream ngay thui ğŸ‘‡
WMVN.lnk.to/
HitMeUp",2023-10-16 00:00:00
86,898972625158112,293550040172994,Ari Aster the weeknd lÃ  ai váº­y?,2023-11-02 00:00:00
87,898972625158112,666725608941813,vÃ£i bin,2023-11-09 00:00:00
88,898972625158112,997458071336828,VÃ£i ğŸ™‚,2023-10-26 00:00:00
89,898972625158112,6897682810279954,Huy Nguyá»…n báº­c tháº§y phÃ¡n Ä‘oÃ¡n,2023-10-16 00:00:00
90,898972625158112,178123222018283,Sá»£ Muá»—i oa..nge báº±ng báº§u Ä‘uá»“i luÃ´n ğŸ˜‚ğŸ˜‚,2023-10-26 00:00:00
91,898972625158112,3385269851771377,"BÃ i ""cháº¯p vÃ¡"" hay "" vay mÆ°á»£n"".",2023-11-15 23:00:00
92,898972625158112,275772445452568,Tháº¥y style dá»… huÃ´ng v mÃ  nhiá»u ng chÃª z :))),2023-11-02 00:00:00
93,898972625158112,722770593027125,Sam Ta Ä‘á»“ng quan Ä‘iá»ƒm,2023-10-16 00:00:00
94,898972625158112,340615601977916,Thá» t nghe ko hiá»ƒu Ä‘c náº¿u ko cÃ³ chá»¯ bÃªn dÆ°á»›i,2023-10-26 00:00:00
95,898972625158112,1515179475922532,Nháº¡c thá»i chÆ°a lÃªn mainstream váº«n hay hÆ¡n,2023-10-26 00:00:00
96,898972625158112,1088086189019827,Máº·t Ã´ng tou cÄƒng vl :))),2023-10-26 00:00:00
97,898972625158112,1732762277145584,BÃ i nÃ y hay tháº¿ nhá»·. Nghe áº£o,2023-10-26 00:00:00
98,898972625158112,172706232500340,LÃª Äá»©c Trung style ğŸ™ƒ cá»§a Tuáº¥n CÃ¹i nÃ¨ğŸ‘,2023-10-16 00:00:00
99,898972625158112,655094826761547,Cháº£ ra tháº¿ lolll nÃ o cáº£,2023-10-26 00:00:00
100,898972625158112,361812309657628,ChÃ¢n á»•ng ngáº¯n nhÃ¬n máº·c quáº§n Ã¡o buá»“n cÆ°á»i vÄ‘ ğŸ¤£,2023-11-15 20:00:00
101,898972625158112,1030660284722821,HÃ¡t clq gÃ¬ nge k dx,2023-11-15 01:00:00
102,898972625158112,356310143514149,"Theo mÃ¬nh Giai Ä‘iá»‡u hay vÃ  mv cÅ©ng tá»‘t, chá»‰ lÃ  cÃ³ nhá»¯ng Ä‘oáº¡n hÃ¡t ko rÃµ chá»¯ láº¯m.. nhÆ°ng nghe ká»¹ váº«n tháº¥y cuá»‘n",2023-10-26 00:00:00
103,898972625158112,651726687165356,Nghe hay mÃ  mn,2023-10-16 00:00:00
104,898972625158112,862074955196656,nghe chill vc,2023-10-16 00:00:00
105,898972625158112,367414615721308,"Melody hay nhÆ°ng giá»ng Ä‘á»›t quÃ¡ , k nghe rÃµ chá»­",2023-11-02 00:00:00
106,898972625158112,7317115611636645,Vl nháº¡c ğŸ˜‚,2023-10-26 00:00:00
107,898972625158112,1410061733253151,BÃ i ni nghe ngÃ¡o,2023-11-02 00:00:00
108,898968058491902,846519693801867,"Stream ngay thui ğŸ‘‡
WMVN.lnk.to/
HitMeUp",2023-10-16 00:00:00
109,898968058491902,663897072515956,Ollie Nguyá»…n,2023-10-16 00:00:00
110,897795488609159,283050361358639,ÄÃºng ngÃ y sn mÃ¬nh kkk 19.10 Thá»§y Náº¥m,2023-10-16 00:00:00
111,897795488609159,270985132005852,LÃª Tráº§n Nguyá»…n Trá»ng,2023-10-16 00:00:00
112,897795488609159,303543302451213,ğŸµ,2023-10-26 00:00:00
113,896948108693897,6783481808366415,Nghe khÃ¡ Ä‘au Ä‘áº§u,2023-11-02 00:00:00
114,896948108693897,839114498214713,"Kiá»‡t Huá»³nh ngá»“i nghe cÃ²n tháº¥y má»‡t, nhanh tay block ngay",2023-11-09 00:00:00
115,896948108693897,1991364131247226,Tuá»‡ Máº«n,2023-11-02 00:00:00
116,896948108693897,287560317512273,â¤ï¸,2023-10-16 00:00:00
117,895359605519414,2044831785867676,dÃ­nh,2023-10-26 00:00:00
118,895359605519414,678769100889728,Äáº¹p trai + rap ..,2023-10-16 00:00:00
119,895359605519414,336053265625003,Chiáº¿n Ä‘Ã©t,2023-10-16 00:00:00
120,895359605519414,803161321813154,Ãi chÃ ,2023-10-16 00:00:00
121,895359605519414,183332898078549,á»ª hayy Ä‘ÃºngğŸ¥°,2023-10-16 00:00:00
122,895359605519414,1454070005152296,Ráº¥t lÃ  hay,2023-10-16 00:00:00
123,895359605519414,338781231884896,Hay quÃ¡ nhá» ğŸ‘ğŸ‘,2023-10-16 00:00:00
124,895359605519414,1338632970193014,John Wack háº³n lÃ  beat touliver:)),2023-10-16 00:00:00
125,895359605519414,337756492130979,Hiá»ƒu tháº¿ nÃ oaf táº¥t toÃ¡n k,2023-10-16 00:00:00
126,895359605519414,6557562917695192,Khá»ƒnhh,2023-10-16 00:00:00
127,895359605519414,6829575683775438,hmmm,2023-10-16 00:00:00
128,895359605519414,869395937885194,Tien Kat,2023-10-16 00:00:00
129,895359605519414,641398884536698,MÃ¡t tai pháº¿t Good good ğŸ‘,2023-10-16 00:00:00
130,895359605519414,1356559018561409,nice sir ğŸ«¡,2023-10-16 00:00:00
131,895359605519414,703700617869646,Catchy,2023-10-16 00:00:00
132,895359605519414,1302045070451294,Hoai Phuong track lÃ y mÆ°á»£t,2023-10-16 00:00:00
133,895359605519414,694651469254084,HoÃ ng Tháº£o,2023-10-16 00:00:00
134,895359605519414,6655608501182719,Tuyáº¿t Ngá»c,2023-10-16 00:00:00
135,895359605519414,6660337167417782,Hao Ly,2023-10-16 00:00:00
136,895359605519414,844329747339525,ğŸ”¥ğŸ”¥,2023-10-16 00:00:00
137,894315935623781,1374655006779949,"Hit Me Up - Binz (19.10.23)
Pre-save now:
WMVN.lnk.to/
HitMeUp",2023-10-16 00:00:00
138,894315935623781,1804059723330755,Binz Da Poet ğŸ˜…ğŸ˜…ğŸ¤£ğŸ¤£ğŸ¤£,2023-10-16 00:00:00
139,894315935623781,838087044711049,Sá»›m =)),2023-10-16 00:00:00
140,892697089118999,871199930756798,"Anh Liá»u táº­p 2 ğŸ«¶ https://
youtu.be/
zXoA-\-\PozdM?si=K
a2xlvi6FtlmNsKb",2023-10-16 00:00:00
141,889621732759868,835895834646592,mÃ£i Ä‘á»‰nh áº¡,2023-10-16 00:00:00
142,889621732759868,1715657668948628,MÃ£i iu ğŸ˜˜ğŸ˜˜ğŸ˜˜,2023-10-16 00:00:00
143,889621732759868,1025355355404281,ChÃº Binz mÃ£i Ä‘á»‰nhâ¤ï¸,2023-10-16 00:00:00
144,889621732759868,1052230369283628,â¤ï¸,2023-10-16 00:00:00
145,889621732759868,228554316895325,â¤ï¸,2023-10-16 00:00:00
146,889180516137323,1542296489844754,:(,2023-10-16 00:00:00
147,889180516137323,1574855686384765,HÃ  Ngá»c Haleymee,2023-10-16 00:00:00
148,889180516137323,631240065870223,Minh Nguyá»‡t ne,2023-10-16 00:00:00
149,889180516137323,1460180938164572,LÃª PhÆ°Æ¡ng,2023-10-16 00:00:00
150,884302889958419,1061130901438013,SpaceSpeakers Trinh Nguyen,2023-09-16 00:00:00
151,883796546675720,1015748413009513,"Stream ngay cÃ²n ká»‹p ğŸ¤ https://
www.youtube.com/
watch?v=z7cUGcVs
AJw&list=PL_kwh
CCi4rJv6hw8xclZ
NW6-XnEuG7me4",2023-09-16 00:00:00
152,883796546675720,3722543594632673,quÃ¡ tuyá»‡t vá»i,2023-09-16 00:00:00
153,883725163349525,619851430327183,SÃ¡n ByÄƒ hÆ¡n m,2023-09-16 00:00:00
154,883725163349525,294428033388849,ğŸŒ»â¤ï¸,2023-10-16 00:00:00
155,883725163349525,3519715658285348,âœ¨ğŸ§˜ğŸ’¯ğŸ§–ğŸ•‰ï¸ğŸ«°ğŸ«´ğŸ¥·ğŸ™ˆğŸ¦¾ğŸ˜ºğŸ’ŒğŸ’“ğŸ¤ğŸ¥³ğŸ‘¼ğŸ™ŠğŸ’šğŸ’›ğŸ¤²ğŸ’œğŸ¤ğŸ’™ğŸ¤ğŸ™‰ğŸ¥°ğŸ’ŸğŸ«‚â¤ï¸âœï¸ğŸ˜ŠğŸ¤­ğŸ§¡âœ¨ğŸ¥·ğŸ–¤,2023-09-16 00:00:00
156,883725163349525,208543785588567,Hay,2023-09-16 00:00:00
157,883617726693602,834564331657937,"BEAT TAASAT VOL.1 is out now: https://
wmvn.lnk.to/
BEATTAAST",2023-09-16 00:00:00
158,883335380055170,863551772145964,"Check out playlist:
https://
spotify.link/
7M5kXBcc8Cb",2023-09-16 00:00:00
159,883335380055170,1003935667558105,"Nghe EP nÃ o ğŸ¤
http://
WMVN.lnk.to/
HIDDENLUV",2023-09-16 00:00:00
160,881642143557827,1858158704586916,ğŸ§ğŸ»,2023-09-16 00:00:00
161,881642143557827,1462668507911695,Hay quÃ£i ğŸ«¶,2023-09-16 00:00:00
162,881642143557827,608228401460443,"Dá»… thÆ°Æ¡ng quÃ¡, yÃªu 16 Typh",2023-09-16 00:00:00
163,881642143557827,1361696077760203,â¤ï¸â€ğŸ©¹,2023-09-16 00:00:00
164,881493433572698,238379425867934,"HIDDEN LUV EP on YouTube: https://
www.youtube.com/
watch?v=z7cUGcVs
AJw&list=PL_kwh
CCi4rJv6hw8xclZ
NW6-XnEuG7me4&i
ndex=1",2023-09-16 00:00:00
165,880380710350637,558462186388448,Äáº¹p trai quÃ¡ mlem mlem,2023-09-16 00:00:00
166,880380710350637,1530451561075772,â¤ï¸â€ğŸ©¹,2023-09-16 00:00:00
167,880380710350637,276857878488151,â¤ï¸â€ğŸ©¹,2023-09-16 00:00:00
168,880380710350637,618492570446105,â¤ï¸â€ğŸ”¥,2023-09-16 00:00:00
169,880380710350637,2933624423440773,â¤ï¸â€ğŸ©¹,2023-09-16 00:00:00
170,880380710350637,832936254945551,Sixteen six. MÃ£i dinh,2023-09-16 00:00:00
171,880380710350637,2534012316775253,BÃ i nÃ y hay Ä‘áº¥y!,2023-09-16 00:00:00
172,880380710350637,299746149343678,Quá»‘c LÃ¢m LÃª Nguyá»…n Báº£o LÃ¢m Ä‘á»‰nh,2023-09-16 00:00:00
173,880380710350637,258844349847275,Trai nháº­t Ä‘áº§u tÆ° vch,2023-09-16 00:00:00
174,880380710350637,679942910682143,HÆ°ng VÄƒn nháº¡c hay ngÆ°á»i cháº¥t =))),2023-09-16 00:00:00
175,880380710350637,296132339698505,Hay láº¯m áº¡,2023-09-16 00:00:00
176,880380710350637,7333531090009192,Nguyá»…n Háº£i SÆ¡n,2023-09-16 00:00:00
177,880380710350637,1474217646676215,hay,2023-09-16 00:00:00
178,880380710350637,6512104002177382,Phuong Vy,2023-09-16 00:00:00
179,880380710350637,3413482995582250,Nháº¡c hay quÃ¡ ğŸ™ŒğŸ¾,2023-09-16 00:00:00
180,879802527075122,1241118903244944,ğŸ˜,2023-09-16 00:00:00
181,879802527075122,1339573860245414,Hay nha,2023-09-16 00:00:00
182,879802527075122,1428770827683754,Mv hay quÃ¡ anh,2023-09-16 00:00:00
183,878571303864911,1313413682619181,ğŸ”¥ğŸ”¥ğŸ”¥ğŸ”¥ğŸ”¥ğŸ’ªğŸ»,2023-09-16 00:00:00
184,878571303864911,853107879850254,Ngá»c Mai quÃ¡ xá»‹n ğŸ¤©,2023-09-16 00:00:00
185,878571303864911,123597604171947,Nguyen Emma,2023-09-16 00:00:00
186,878571303864911,609129784767959,Tá»‘ng CÃ´ng Minh,2023-09-16 00:00:00
187,877739003948141,2015632008780879,"Top fan
Phan Háº±ng",2023-09-16 00:00:00
188,872841197771255,680676257256461,Ngá»c DÆ°Æ¡ng far away,2023-08-16 00:00:00
189,872841197771255,1012621466546431,Sang Do tháº¿ chÃº nghe nháº¡c hÆ¡i muá»™n rá»“i,2023-08-16 00:00:00
190,863472915374750,6549441268479319,chÃºc má»«ng anh guá»™t ğŸ˜,2023-08-16 00:00:00
191,863472915374750,306971598532163,thÃ­ch bÃ i nÃ y láº¯m ğŸ˜,2023-08-16 00:00:00
192,863472915374750,1015911713097977,â™¥ğŸ”¥,2023-08-16 00:00:00
193,863472915374750,970493820673780,Ok,2023-08-16 00:00:00
194,861779555544086,237602362578150,CÃ¡ch sá»­ dá»¥ng cÃ´ng nghá»‡ Auto Tune nhÆ° nÃ o áº¡?,2023-08-16 00:00:00
195,861779555544086,282565144381798,ğŸ™ŒğŸ”¥,2023-08-16 00:00:00
196,857756959279679,246205314904632,Nhanh vc,2023-08-16 00:00:00
197,857125586009483,271920622225662,ChuÌc anh sinh nhÃ¢Ì£t vui veÌ‰ haÌ£nh phuÌc,2023-08-16 00:00:00
198,857125586009483,137120842724262,HoÃ ng Thá»‹ Há»“ng LÃª,2023-08-16 00:00:00
199,857125586009483,3569679150025462,Vá»‹nh sinh nháº­t vui váº»eee áº¡a,2023-08-16 00:00:00
200,852714383117270,688244466448990,"SpaceSpeakers Tá»«ng ngÃ y em mÆ¡ vá» anh trá»i mÃ¢y bÃ³ng xanh
Tá»«ng ngÃ y anh mÆ¡ vá» em cÃ¢u hÃ¡t thÃªm ná»“ng nÃ n
... Rá»“i quÃªn lun r ğŸ˜‚ğŸ˜‚ğŸ˜‚",2023-07-16 00:00:00
201,852714383117270,822678962665941,MLee idol,2023-07-16 00:00:00
202,852714383117270,1212956429395958,MLee chá»‹ chá»‹ chá»‹ em fan chá»‹ ğŸ‘Š,2023-07-16 00:00:00
203,852714383117270,822000505914121,Nguyá»…n TÃ¢m nhanh ghia:)),2023-07-16 00:00:00
204,852714383117270,1084625439175010,tuá»µt,2023-07-16 00:00:00
205,852714383117270,762494345623719,Nguyá»…n NhÆ°,2023-07-16 00:00:00
206,852714383117270,670888824548158,"Top fan
ThÆ°Æ¡ng HÃ  Nguyá»…n",2023-07-16 00:00:00
207,852220749833300,972257690662276,SpaceSpeakers Ä‘Ã¢u ra :)))),2023-07-16 00:00:00
208,852220749833300,825843982163337,SpaceSpeakers cÃ²n chÆ°a láº¥y vá»£ mÃ  sá»‘p Æ¡i :))),2023-07-16 00:00:00
209,852220749833300,203968355664907,SpaceSpeakers váº«n chÆ°a cÃ³ ny luÃ´n sá»‘p :))),2023-07-16 00:00:00
210,852220749833300,670811881155889,SpaceSpeakers e váº«n Ä‘á»™c thÃ¢n a Æ¡i ğŸ˜‚ğŸ˜‚ğŸ˜‚,2023-07-16 00:00:00
211,852220749833300,296430256218587,Chuáº©n vs má»nh :)),2023-07-16 00:00:00
212,852099766512065,690396049593068,ğŸ–¤ğŸ–¤ğŸ–¤,2023-07-16 00:00:00
213,848206723568036,5874463749320359,Tuyá»‡t vá»i quÃ¡ áº¡ğŸ˜˜ğŸ˜˜ğŸ˜˜,2023-07-16 00:00:00
214,844868267235215,1194048801276038,ğŸ”¥,2023-07-16 00:00:00
215,844880527233989,571825148249938,"Nhanh tay Ä‘Äƒng kÃ½ trá»Ÿ thÃ nh há»™i viÃªn BÃ´ng Sen VÃ ng Vietnam Airlines Ä‘á»ƒ hÆ°á»Ÿng Ä‘áº·c quyá»n â€œNÃ¢ng háº¡ng tháº» Báº¡câ€ vÃ  nháº­n ngay 1000 dáº·m thÆ°á»Ÿng.

LÃ  há»™i viÃªn háº¡ng Báº¡c chÆ°Æ¡ng trÃ¬nh BÃ´ng Sen VÃ ng cá»§a Vietnam Airlines, báº¡n sáº½ Ä‘Æ°á»£c giáº£m giÃ¡ 5% khi mua vÃ© trá»±c tuyáº¿n trÃªn trang web www.vietnamairl
ines.com

KhÃ´ng phÃ­ Ä‘Äƒng kÃ½, khÃ´ng phÃ­ thÆ°á»ng niÃªn, há»™i viÃªn cÃ³ cÆ¡ há»™i thoáº£i mÃ¡i tÃ­ch dáº·m Ä‘á»ƒ Ä‘á»•i láº¥y nhá»¯ng pháº§n thÆ°á»Ÿng há»¯u Ã­ch vÃ  táº­n hÆ°á»Ÿng vÃ´ vÃ n Æ°u Ä‘Ã£i trong nhiá»u lÄ©nh vá»±c cá»§a cuá»™c sá»‘ng hoáº·c khi bay cÃ¹ng Vietnam Airlines!
Há»™i viÃªn cáº§n Ä‘Äƒng nháº­p vÃ o tÃ i khoáº£n BÃ´ng Sen VÃ ng cá»§a mÃ¬nh trÃªn trang web www.vietnamairl
ines.com Ä‘á»ƒ mua vÃ© vÃ  hÆ°á»Ÿng giáº£m giÃ¡ 5% Ä‘á»‘i vá»›i toÃ n bá»™ chuyáº¿n bay ná»™i Ä‘á»‹a vÃ  quá»‘c táº¿ khai thÃ¡c bá»Ÿi Vietnam Airlines. Cá»¥ thá»ƒ nhÆ° sau:
â€¢ Cháº·ng bay ná»™i Ä‘á»‹a: Ãp dá»¥ng cho há»™i viÃªn táº¥t cáº£ háº¡ng tháº» trÃªn toÃ n bá»™ cháº·ng bay vÃ  háº¡ng Ä‘áº·t chá»—, trá»« háº¡ng J vÃ  háº¡ng M.
â€¢ Cháº·ng bay quá»‘c táº¿: Ãp dá»¥ng cho há»™i viÃªn háº¡ng tháº» Triá»‡u Dáº·m, Báº¡ch Kim, VÃ ng, vÃ  Titan trÃªn toÃ n bá»™ háº¡ng Ä‘áº·t chá»— vÃ  cháº·ng bay, trá»« cháº·ng bay giá»¯a Viá»‡t Nam vÃ  Hoa Ká»³.
Xin má»i tham kháº£o Ä‘iá»u kiá»‡n Ã¡p dá»¥ng táº¡i Ä‘Ã¢y https://
www.vietnamairli
nes.com/vi/
sites/
uu-dai-hoi-vien-
ffp

CÃ²n cháº§n chá» gÃ¬ ná»¯a, Ä‘Äƒng kÃ½ há»™i viÃªn BÃ´ng Sen VÃ ng ngay thÃ´i!

Link Ä‘Äƒng kÃ½: https://
enrolllotusmiles
.vietnamairline
s.com/
registrationweb/
vi/account/
enrollment?enrol
lSource=SSE",2023-07-16 00:00:00
216,844880527233989,100246209817881,DÆ°á»›i tá»a sen vÃ ng vÆ°á»£t qua cÃ¡nh cá»•ng bay lÃ©t =)))))),2023-07-16 00:00:00
217,843633590692016,1243467576359059,"SpaceSpeakers
,,,,,,,,,, ğŸ‘",2023-07-16 00:00:00
218,843633590692016,202668969089420,Huong Loan Thai Ä‘Ãºng lÃ  nhanh lÃªn nhÃ© áº¡ ğŸ˜‚,2023-07-16 00:00:00
219,843633590692016,1260332758178662,Luu Vu Hoang Kim,2023-07-16 00:00:00
220,843604674028241,992931688568043,â¤ï¸â€ğŸ”¥â¤ï¸â€ğŸ”¥â¤ï¸â€ğŸ”¥,2023-07-16 00:00:00
221,843604674028241,803331451203437,Cháº¥t,2023-07-16 00:00:00
222,843597667362275,930746828030970,"Congratulations
ğŸ¥³ğŸ”´",2023-07-16 00:00:00
223,843597667362275,5982318735207499,Happy Birthday,2023-07-16 00:00:00
224,843597667362275,1630251800804004,Happy Birthdayyyy,2023-07-16 00:00:00
225,843597667362275,818795506288517,SO SE,2023-07-16 00:00:00
226,843597667362275,265386772775449,Nguyá»…n Quá»‘c Tháº¯ng snzz,2023-07-16 00:00:00
227,843430637378978,1498769117534367,Space boii never sleep :>,2023-07-16 00:00:00
228,843430637378978,307278511641318,ğŸ©´ hÃ³ngggg,2023-07-16 00:00:00
229,843430637378978,740194147908022,LÃª Thá»‹ BÃ­ch DÆ°Æ¡ng,2023-07-16 00:00:00
230,840822317639810,1322109248717718,Oh... ChÃºc má»«ng sn 3D,2023-07-16 00:00:00
231,839525587769483,290342400239139,Binz Da Poet ok,2023-07-16 00:00:00
232,839525587769483,1415461022340739,Gene ğŸ¤ŸğŸ»,2023-07-16 00:00:00
233,839525587769483,6413350712056605,ThÃ­ch táº¥t cáº£ Ä‘Æ°á»£c khÃ´ng áº¡aqaa,2023-07-16 00:00:00
234,839525587769483,798770392033690,MÃ£i Ä‘á»‰nh,2023-07-16 00:00:00
235,835869704801738,1062514081334237,â™¥ï¸,2023-07-16 00:00:00
236,835869704801738,3402387050090992,â¤ï¸â¤ï¸â¤ï¸ love Äá»— Minh NghÄ©a,2023-06-16 00:00:00
237,822544372800938,1306346166639740,"mÃª ssg xá»‰uu, khi nÃ o mng comeback trÆ°á»ng em ná»¯a áº¡",2023-06-16 00:00:00
238,822544372800938,929197118186766,Nháº­t Ãnh tháº¥y tui khum,2023-06-16 00:00:00
239,822544372800938,1437532917021863,á»Ÿ bá»‡nh viá»‡n nhÆ°ng mÃ  tháº¥y thoáº£i mÃ¡i nhÆ° á»Ÿ nhÃ  váº­y,2023-06-16 00:00:00
240,822544372800938,701087912049598,Ai rá»“i cá»§ng pháº£i vietgangz thÃ´i ğŸ˜,2023-09-16 00:00:00
241,820733072982068,286310653795681,gÃ¬ chá»© tháº¥y uá»‘ng rÆ°á»£u tá»« nhÃ  ra ngoÃ i luÃ´n Ã³,2023-06-16 00:00:00
242,820733072982068,1531167014380325,rÆ°á»£u nÃ y cÃ³ cá»“n ko chá»© tháº¥y a Typh uá»‘ng e say quÃ¡,2023-06-16 00:00:00
243,820733072982068,637139535027363,ai thÃ­ch uá»‘ng bia chá»© tui thÃ¬ tui ghiá»n rÆ°á»£u nha,2023-06-16 00:00:00
244,820733072982068,2119593158245458,"Top fan
Anh Phong",2023-05-16 00:00:00
245,820383289683713,1277456902872135,Nháº¡c chÃ¡y Ã¡c anh Æ¡iiii ğŸ”¥ğŸ”¥,2023-05-16 00:00:00
246,820383289683713,922073672402581,Nháº¡c cá»§a anh cháº¥t váº­y,2023-05-16 00:00:00
247,820383289683713,1572982239857519,ChÃ¡y ğŸ”¥,2023-05-16 00:00:00
248,820383289683713,589301116370348,Tran Trang,2023-05-16 00:00:00
249,820383289683713,724331492714460,Vá»«a nghe trÃªn Youtube xong â¤ï¸â€ğŸ”¥,2023-05-16 00:00:00
250,820383289683713,578240241101424,choÃ¡yy,2023-05-16 00:00:00
251,820383289683713,1003191231061199,Goku :DD,2023-05-16 00:00:00
252,820383289683713,264207646144343,ChÃ¡yyyy,2023-05-16 00:00:00
253,820383289683713,583917597205533,"chÃ²i oi chá»“ng iu ra bÃ i mÃ  hong cÃ³ Ä‘á»ƒ Ã½, tá»“i qaaaa",2023-05-16 00:00:00
254,820383289683713,260822149830008,ğŸ‘,2023-05-16 00:00:00
255,820383289683713,159820183589665,Suá»‘i tiÃªn typh on the mic,2023-05-16 00:00:00
256,820383289683713,769634284889041,cÃºonğŸ˜€ğŸ˜€,2023-05-16 00:00:00
257,820383289683713,579403804330273,MÃ¡ rap cháº¥t nÆ°á»›c ğŸ¥² nghe lÃ  ngon nhÆ° háº£i sáº£n.,2023-05-16 00:00:00
258,820383289683713,1455925644811747,QuÃ¡ Ä‘á»‰nh luÃ´n,2023-05-16 00:00:00
259,820383289683713,764218625415213,Ghiá»n!!!!,2023-05-16 00:00:00
260,820383289683713,1428761861275222,Anh cáº§n tÃ¬nh yÃªu chá»© anh khÃ´ng cáº§n vÆ°Æ¡ng miá»‡n ğŸ‘‘ ğŸ¤´,2023-05-16 00:00:00
261,820383289683713,3581272495531115,KhÃ´ng má»›i váº§n dá»… Ä‘oÃ¡n,2023-05-16 00:00:00
262,820383289683713,149037801499150,QuÃ¡ hay . bÃ¬nh luáº­n Ä‘áº§u,2023-05-16 00:00:00
263,820383289683713,1867249916986699,Chay nhu fifai,2023-05-16 00:00:00
264,820383289683713,636692364975271,Äá»‰nh vl,2023-05-16 00:00:00
265,820383289683713,292357579888769,MÃª,2023-06-16 00:00:00
266,820383289683713,270594418675960,Cuá»‘n,2023-05-16 00:00:00
267,820383289683713,221929330703805,Cuá»‘n z,2023-06-16 00:00:00
268,820383289683713,1279451659630251,ChÃ¡yyy,2023-05-16 00:00:00
269,820383289683713,800469235138494,ChÃ¡y ğŸ¤Œ,2023-05-16 00:00:00
270,820383289683713,635506115107089,ÄÃ£,2023-05-16 00:00:00
271,820383289683713,803149267645829,Thá»‹ Háº±ng,2023-05-16 00:00:00
272,820365669685475,783119620148535,QuÃ¡ xá»‹nğŸ¤Ÿ,2023-05-16 00:00:00
273,820365669685475,780807553497514,â¤ï¸â€ğŸ©¹â¤ï¸â€ğŸ©¹,2023-05-16 00:00:00
274,820365669685475,657914695673139,â¤ï¸â¤ï¸,2023-05-16 00:00:00
275,820365669685475,942890063595964,BÃ i hay pháº¿t:))),2023-05-16 00:00:00
276,820365669685475,196197176285910,nháº¡c a nÃ y hay mÃ  Ä‘áº¿n NEU e hÃ©t tÃªn a kháº£n cá»• a k thÃ¨m báº¯t tay :(,2023-06-16 00:00:00
277,820365669685475,1237630183810898,A iu,2023-05-16 00:00:00
278,820365669685475,917359752688216,ChÃ¡y,2023-05-16 00:00:00
279,820365669685475,1442246893198103,chá»¯a há»™ e luÃ´n Ä‘i,2023-05-16 00:00:00
280,820365669685475,713414737254619,Kiáº¿m tiá»n tÆ°Æ¡i vÃ  thÃ³c tháº­t,2023-05-16 00:00:00
281,820365669685475,1392307004891157,Ão Ä‘áº¹p quÃ¡ bruhğŸŒš,2023-05-16 00:00:00
282,820365669685475,1401563567081882,PhÆ°Æ¡ng QuyÃªn,2023-05-16 00:00:00
283,820365669685475,3481887582097292,Pháº¡m Háº£i Yáº¿nn,2023-05-16 00:00:00
284,820365669685475,6352539621494766,uá»“i Ã¡o Ä‘áº¹p vÃ£i ai cÃ³ thÃ´ng tin Ã¡o k,2023-05-16 00:00:00
285,820365669685475,771527804472718,Nguyá»…n Minh Long,2023-05-16 00:00:00
286,820365669685475,592789179341390,Hoáº¡ phÆ°á»£ng láº¡i ná»Ÿ thÃªm 1 láº§n ná»¯a . â¤ï¸â¤ï¸â¤ï¸â¤ï¸â¤ï¸,2023-05-16 00:00:00
287,820365669685475,937088090868317,ck e,2023-05-16 00:00:00
288,820365669685475,1435465917207158,Cho em xin áº£nh nÃ y nha,2023-05-16 00:00:00
289,820365669685475,6043951362399509,"Top fan
VÅ© Thanh NghÄ©a",2023-05-16 00:00:00
290,820365669685475,865115888524323,Nguyá»…n HoÃ ng Báº£o Kenz,2023-05-16 00:00:00
291,820223483033027,949510719594850,Nu KhÃƒÂ¡nh rapper quÃ¡ÂºÂ­n 3 nÃƒÂ¨ :)),2023-05-16 00:00:00
292,820223483033027,9454691547905703,"Mr-TÃº HoÃ ng thiáº¿u s rá»“i bro
demo@spacespeak
ers.vn",2023-06-16 00:00:00
293,820223483033027,935484977507545,Tyler ChÃƒÂ¢u producer USA tiÃ¡ÂºÂ¿n lÃƒÂªnnn,2023-05-16 00:00:00
294,820223483033027,220753910423403,Nhanh tay lÃƒÂªn nÃƒÂ o anh em Ã°ÂŸÂ”Â¥,2023-05-16 00:00:00
295,820223483033027,1407103290141401,HoÃ ng Huy cÃ³ pháº£i rapper Lik22 ko z,2023-05-16 00:00:00
296,820223483033027,976727943336760,HÆ°Æ¡ng Quá»³nh ğŸ™Š,2023-05-16 00:00:00
297,820223483033027,2519541201529006,HÆ°Æ¡ng Quá»³nh khÃ´ng pháº£i Ä‘Ã¢u,2023-05-16 00:00:00
298,820223483033027,798319085301272,Pháº¡m Tháº¯ng nháº¡c xong r nÃ³i chuyá»‡n tÃ­p,2023-05-16 00:00:00
299,820223483033027,1956402948028152,Äá»— XuÃ¢n Trung lÃªnnn a Æ¡iiii,2023-05-16 00:00:00
300,820223483033027,959397125373412,Triá»ƒn thÃ´iiiii,2023-06-16 00:00:00
301,820223483033027,563585629306577,Ng VÃ…Â© Ã„ÂÃ¡Â»Â©c BÃ¡ÂºÂ±ng ZaB anh=))),2023-05-16 00:00:00
302,820223483033027,3637671203133062,Nguyen Viet An luÃƒÂ´n a,2023-05-16 00:00:00
303,820223483033027,973354873694621,QuÃ¡ÂºÂ£ Ã¡ÂºÂ£nh marketing Ã„Â‘Ã¡Â»Â‰nh luÃƒÂ´n nhÃƒÂ©,2023-05-16 00:00:00
304,820223483033027,1423207695136794,VÃ…Â© HoÃƒÂ ng HÃ¡ÂºÂ£i RPT titpooh kÃƒÂ¬a,2023-05-16 00:00:00
305,820223483033027,1690861951355668,ok,2023-06-16 00:00:00
306,820223483033027,2574665226017198,Ã„ÂÃ¡Â»Â©c TrÃ¡ÂºÂ§n thÃ¡Â»Âi Ã„Â‘Ã¡ÂºÂ¿n,2023-05-16 00:00:00
307,820223483033027,1459397388139489,HoÃƒÂ ng TuÃ¡ÂºÂ¥n Linh nÃƒÂ y,2023-06-16 00:00:00
308,820173096371399,221675680640238,"Tiá»‡c tÃ¹ng vÃ´ tÆ° nhÆ° má»™t Ä‘á»©a tráº» ğŸ¶

https://
open.spotify.com
/playlist/
37i9dQZF1DX4sVHG
Dd3pW3?si=FyW0m
g_BTe2Bx8P2eVOp
WA",2023-05-16 00:00:00
309,820173096371399,5865244473581886,Bin dth,2023-05-16 00:00:00
310,820173096371399,1400031244095636,Nguyá»…n ToÃ n khÃ¡ nhiá»u meme,2023-05-16 00:00:00
311,820173096371399,576868581099025,Sau nÃ y cÃ³ con cháº¯c cháº¯n con a tua sáº½ cÆ°ng nhÆ° bá»‘ğŸ¤£ğŸ¤£ğŸ¤£,2023-05-16 00:00:00
312,820173096371399,3633910753509597,Dá»… thÆ°Æ¡ng ğŸ˜™,2023-05-16 00:00:00
313,820173096371399,276942971398788,Soobin Ä‘á»‰nhğŸ¥°,2023-05-16 00:00:00
314,820173096371399,620225769822467,cÆ°á»i cháº¿t,2023-05-16 00:00:00
315,820173096371399,1429176557835130,Bin Ä‘Ã¡ng yÃªu tháº¿ ra chÃº ná»±ng miáº¿ng nÃ o,2023-05-16 00:00:00
316,820173096371399,1438278193670195,lÃªn tiá»‡c thÃ´i ae,2023-05-16 00:00:00
317,820173096371399,269868058897525,"Top fan
Anh Phong",2023-05-16 00:00:00
318,819536086435100,637603131215496,LÃªnnn,2023-05-16 00:00:00
319,819536086435100,5506650116103957,XÃ­t tin,2023-05-16 00:00:00
320,819536086435100,799974984735416,nhÃ¬n lÃ  biáº¿t chÃ¡y rá»“i,2023-05-16 00:00:00
321,819536086435100,966624781352406,goáº¯t goáº¯t,2023-05-16 00:00:00
322,819536086435100,985535215937087,..,2023-05-16 00:00:00
323,819536086435100,1001766894534461,Gia Huy,2023-05-16 00:00:00
324,818591599862882,106757122428445,Äá»œI THáº¬T RÃP THá»°C ğŸ˜‚,2023-05-16 00:00:00
325,818591599862882,562690832707682,Lit again,2023-05-16 00:00:00
326,818591599862882,276665808094320,LÃªnn,2023-05-16 00:00:00
327,818591599862882,520507316822635,hay,2023-05-16 00:00:00
328,818591599862882,633414245377012,OMG ğŸ¤¤,2023-05-16 00:00:00
329,818591599862882,218896564251997,lÃ³t dÃ©p,2023-05-16 00:00:00
330,815952933460082,211095085199204,áº¢o áº£nh cá»§a Su bin,2023-06-16 00:00:00
331,815952933460082,272524005259800,Anh Tuyet,2023-06-16 00:00:00
332,815952933460082,782853153449357,K tháº¥y chou bui nhá»Ÿ,2023-05-16 00:00:00
333,815952933460082,967872314662158,KhÃ´ng tháº¥y typh nhá»‰,2023-05-16 00:00:00
334,815952933460082,624312586000520,Kiá»u Dungg,2023-05-16 00:00:00
335,815952933460082,639254697813614,CÃ¡i nÃ y diá»…n dÆ°á»›i ktx khu B nÃ¨:),2023-06-16 00:00:00
336,815952933460082,977482006771657,Trinh Truong Trung,2023-05-16 00:00:00
337,815890226799686,219985764118279,ChÃºc a Ä‘an snvv nhÃ³ sá»›m rÆ°á»›c chá»‹ chou vá» 1 nhÃ  gang gangğŸ˜,2023-05-16 00:00:00
338,815890226799686,282211757481081,hpbd big city boi,2023-05-16 00:00:00
339,815890226799686,781657516820954,HPBD chÃº BinzğŸ‚,2023-05-16 00:00:00
340,815890226799686,200920912876686,ChÃºc má»«ng a BinZ,2023-05-16 00:00:00
341,815890226799686,608156357933623,ChÃºc má»«ng anh.â¤ï¸â¤ï¸,2023-05-16 00:00:00
342,815890226799686,1345166579382192,ğŸ”¥ğŸ”¥ğŸ”¥,2023-05-16 00:00:00
343,815890226799686,585331677037723,Happy Bday Anh iuuuu ğŸ¥°,2023-05-16 00:00:00
344,815890226799686,810979927270648,Idol snvv ğŸ‚ğŸ‚ğŸ‚,2023-05-16 00:00:00
345,815890226799686,946354926641259,ChÃºc anh mau láº¥y vá»£,2023-05-16 00:00:00
346,815890226799686,1729590854158416,â¤ï¸â¤ï¸ğŸ,2023-05-16 00:00:00
347,815890226799686,216424294517004,ChÃºc má»«ng sinh nháº­t anh ğŸ‚ğŸ‚,2023-05-16 00:00:00
348,815890226799686,224345617003310,Chuc ck em sinh nhat vui ve ğŸ‚,2023-05-16 00:00:00
349,815890226799686,276840901446699,Nguyá»…n Thanh NgÃ¢n á»“ =)),2023-05-16 00:00:00
350,815890226799686,659660039346195,Sinh Nháº­t Vui Nghe Äan,2023-05-16 00:00:00
351,815890226799686,198334933123483,MÃ£i má»¥t tÃ¬nh yÃªu â¤ï¸,2023-05-16 00:00:00
352,815890226799686,590705269816924,ChÃºc Má»«ng Sanh Tháº§n BiG City Boy â™¥ï¸ğŸ«¶ğŸ»,2023-05-16 00:00:00
353,815890226799686,1044843876899928,Háº­u Tráº§n,2023-05-16 00:00:00
354,815890226799686,671251038145056,CÅ©ng lÃ  Binz mÃ  nÃ³ láº¡ láº¯m,2023-05-16 00:00:00
355,814892110232831,181177941554087,Minh ThÆ° zÃ´ xin hÃ¬nh 2 Ä‘á»©a mÃ¬nh nÃ¨,2023-05-16 00:00:00
356,814892110232831,1598410147346307,Tuyá»‡t vá»iâ¤ï¸,2023-05-16 00:00:00
357,814892110232831,242813211772223,choÃ¡y,2023-05-16 00:00:00
358,814892110232831,1665112127282353,uoc j no o HN ğŸ¥º,2023-05-16 00:00:00
359,813660110356031,6331399046937999,NÃ³ng vÃ£ Ã²,2023-05-16 00:00:00
360,812874990434543,212001631626141,Chá»§ tá»‹ch dáº¡o nÃ y siÃªng lÃªn hÃ¬nh ğŸ˜‚,2023-05-16 00:00:00
361,812874990434543,202958849238160,quáº§n vá»›i Ä‘Ã´i giÃ y Ä‘áº¹p váº­y ta :v,2023-05-16 00:00:00
362,812874990434543,579331244268441,Nguuyá»…n KhÃ¡nhh Liinh chá»¥p cho t kiá»ƒu nhÆ° nÃ y,2023-05-16 00:00:00
363,812874990434543,226325366770639,Nguyá»…n Äá»©c HoÃ ng Hiá»‡p ng ta cÃ³ ká»¹ nÄƒng cáº£ editor chuyÃªn nghiá»‡p,2023-05-16 00:00:00
364,812874990434543,1399630247527684,"Top fan
KiÃªn Nguyá»…n",2023-05-16 00:00:00
365,812874990434543,757363445877415,Tung Ich Nguyen,2023-05-16 00:00:00
366,812874990434543,568544385391273,"Ná»­É‘-Ä‘Ãªm-láº»n-Ê‹Ã o
-phÃ²Ğ¿g-chá»‹-eÉ±-x
Éªnh-Ä‘áº¹p -xeá´-thÃ¬-á´ Ã o. Clip sex Viá»‡t Nam",2023-05-16 00:00:00
367,812728483782527,258999013326284,Ã¢m nháº¡c nÃ y Ä‘á»‰nhhhhhhh,2023-05-16 00:00:00
368,812728483782527,781913713392141,Mai Phuong Nguyen ğŸ˜²,2023-05-16 00:00:00
369,812728483782527,251802780851095,ğŸ”¥ğŸ”¥ğŸ”¥,2023-05-16 00:00:00
370,812728483782527,1728404474246036,ğŸ”¥,2023-05-16 00:00:00
371,812728483782527,719709089905627,ğŸ”¥ğŸ”¥ğŸ”¥ğŸ”¥ğŸ”¥ğŸ”¥ğŸ”¥ğŸ”¥ğŸ”¥,2023-05-16 00:00:00
372,812728483782527,952072602611532,ğŸ’¯ ğŸ”¥ ğŸ”¥ğŸ”¥,2023-05-16 00:00:00
373,812728483782527,779119396919616,ChÃ¡y quÃ¡ khÃ©t,2023-05-16 00:00:00
374,812728483782527,178929668451075,ğŸ’¯ğŸ‘ğŸ‘ğŸ‘,2023-05-16 00:00:00
375,812386033816772,1016831492664463,Nhung Nguyá»…n TÆ°á»Ÿng mÃ¬nh hÃ i hÆ°á»›c :)),2023-07-16 00:00:00
376,812386033816772,7017791351568712,Láº§u VÄƒn ChÃ­nh á»§a thÃ¬ cmt vui váº» thiá»‡t mÃ ???,2023-07-16 00:00:00
377,812386033816772,2027677384248793,Há»“ng Ngá»c TrÃ¢m icon no vuii ğŸ¥µ,2023-07-16 00:00:00
378,812386033816772,124458024006984,Giá»‘g quáº§n David ná»™p váº­y a bin,2023-06-16 00:00:00
379,812386033816772,193217226616559,PPP,2023-05-16 00:00:00
380,812386033816772,605019071555872,Oi Binz,2023-05-16 00:00:00
381,812386033816772,796993012064200,Va vÃ o 2 vá»‡ sÄ© phÃ­a sau Ã  ğŸ¥²,2023-07-16 00:00:00
382,812386033816772,194039703637135,Tiáº¿n hÃ³a háº¿t chÆ°a ku,2023-07-16 00:00:00
383,812386033816772,1950651941981045,ná»™p moth,2023-06-16 00:00:00
384,812386033816772,1419535998832261,Sá»‘ng vá»›i Ä‘am mÃª,2023-06-16 00:00:00
385,812386033816772,740741451140623,Hem áº¥y mÃ¬nh va vÃ o chá»‹ Chou Ä‘c k chÃºğŸ˜†,2023-07-16 00:00:00
386,812386033816772,1393754434735608,á»¥aâ¤ï¸,2023-05-16 00:00:00
387,812386033816772,310077488020785,NguyÃªn team so fly â™¥ï¸,2023-07-16 00:00:00
388,812386033816772,989711338865222,Æ  kÃ¬a anh =)),2023-05-16 00:00:00
389,812386033816772,590021959944642,ğŸ˜‚,2023-07-16 00:00:00
390,812386033816772,5854002624705219,á»¦a gÃ¬ dáº­y,2023-06-16 00:00:00
391,812386033816772,237125559131468,VÃ  pháº£i cá»¥c cá»©t gÃ´n zÃ´,2023-07-16 00:00:00
392,812386033816772,250266631062587,Äáº¿u thÃ­ch thg nÃ y,2023-06-16 00:00:00
393,812386033816772,821793566008418,Ã‰o hiá»ƒu gÃ¬ luÃ´n,2023-06-16 00:00:00
394,812386033816772,814347510047430,Gonzo nhÆ° concak,2023-06-16 00:00:00
395,812386033816772,285192577282172,Va nhau nhÆ°ng láº¡ láº¯m,2023-06-16 00:00:00
396,812386033816772,952646305946944,Em nháº­n Ä‘áº·t quáº§n bÃ² nha,2023-06-16 00:00:00
397,812386033816772,614637910813217,anh lÃ m trend nÃ y vá»›i ChÃ¢u há»£p hÆ¡n Ã¡,2023-07-16 00:00:00
398,812386033816772,1343422966568748,Medicar Vietnam,2023-07-16 00:00:00
399,812360823819293,969180461174227,ğŸ”¥ğŸ’ªğŸ¼ğŸŒ»,2023-05-16 00:00:00
400,812360823819293,137788269292698,Bá»ng rÃ¡t náº·ng ğŸ˜¤ğŸ”¥,2023-05-16 00:00:00
401,812360823819293,608822851190387,Ä‘á»‰nh tháº¿ nhá»,2023-05-16 00:00:00
402,812360823819293,3427426030830599,ğŸ”¥,2023-05-16 00:00:00
403,812360823819293,809102216899349,ğŸ”¥ğŸ”¥ğŸ”¥ğŸ”¥ğŸ”¥,2023-05-16 00:00:00
404,812360823819293,599750415465226,ğŸ”¥ğŸ”¥ğŸ”¥,2023-05-16 00:00:00
405,812360823819293,1179748626015878,khÃ©t láº¹ttt ğŸ”¥ğŸ”¥ğŸ”¥,2023-05-16 00:00:00
406,812360823819293,201829045571146,2 a thá»£ xÃ¢y :V,2023-05-16 00:00:00
407,812360823819293,140541589011150,Pháº¡m VÄƒn BÃ¬nh nghe chÆ°a b,2023-05-16 00:00:00
408,812360823819293,714072707157519,Báº» cÃ¢y thÆ°á»›c,2023-05-16 00:00:00
409,812360823819293,636814267895950,Beake the rules yÃ©a,2023-05-16 00:00:00
410,812360823819293,995177201621656,ğŸ¥µğŸ¥¶,2023-05-16 00:00:00
411,812247217163987,130692763348540,Soobin náº¯ng lÃªn rá»±c rá»¡ â˜€ï¸,2023-05-16 00:00:00
412,812247217163987,632897521658010,Soobin Náº¯ng lÃ m thanh xuÃ¢n nÃ y thÃªm rá»±c rá»¡ğŸ˜˜ğŸ˜˜ğŸ˜˜,2023-05-16 00:00:00
413,812247217163987,272491365213991,Soobin sÆ°á»Ÿi áº¥m con tim em hao gáº§y ğŸ’™,2023-05-16 00:00:00
414,812247217163987,1176901782975441,"BÃ i nÃ¬ hay láº¯m Ã³â€¦ nma tui váº«n umÃª Äáº¯m Ä‘uá»‘i hÆ¡n, HoÃ ng Tune mÃ£i Ä‘á»‰nh ğŸ˜˜",2023-05-16 00:00:00
415,812247217163987,630233978653320,MÃª Náº¯ng lÃªnnnnn,2023-05-16 00:00:00
416,812247217163987,555412209997513,ğŸ–¤,2023-05-16 00:00:00
417,812247217163987,638150701703978,Team Kim toÃ n bÃ i Ä‘á»‰nhhhh,2023-05-16 00:00:00
418,812247217163987,972479793893170,all mah g hay hÆ¡n mÃ  ğŸ˜­ğŸ˜­,2023-05-16 00:00:00
419,812247217163987,1277925633142526,Hay quÃ¡ anh soobin Æ¡i,2023-05-16 00:00:00
420,812247217163987,648860433732452,Hay vcc raaaaaaa,2023-05-16 00:00:00
421,812247217163987,5929278650528419,CÆ°ng,2023-05-16 00:00:00
422,812247217163987,809623497180216,Pham Bui Thu Ha tÃ¬nh yÃªu Ä‘Ã´i khi Ä‘au :)))),2023-05-16 00:00:00
423,812247217163987,228689466538414,"B-Wine nghe vÃ¬ ghiá»n chá»© k cáº§n cÃ y luÃ´n. Ã”ng Rap dá»¯ tháº§n thiÃªn Ä‘á»‹a láº¯m nha Ã´ng ná»™i, ver nÃ o cÅ©ng cuá»‘n.",2023-05-16 00:00:00
424,812247217163987,782212226632072,Thá» bÃ i nÃ y hay dÃ£ man,2023-05-16 00:00:00
425,812247217163987,644430580891870,Nháº¡c Tiá»n Bá»‘i +,2023-06-16 00:00:00
426,812247217163987,1304812000445230,MÃª chá»¯ Ãª kÃ©o dÃ iiiiiii,2023-05-16 00:00:00
427,812247217163987,1324729411477113,ğŸŒ… rá»±c rá»¡,2023-05-16 00:00:00
428,812247217163987,227775459950734,Top trend,2023-05-16 00:00:00
429,812247217163987,191091560093172,Nguyá»…n Minh ThÆ°,2023-05-16 00:00:00
430,812247217163987,768621524812753,SÆ°á»›ng,2023-05-16 00:00:00
431,812247217163987,1403774363746266,- Ä‘á»‰nhhhhhh,2023-05-16 00:00:00
432,812247217163987,1007478633470734,Hiáº¿u Ladykillah,2023-05-16 00:00:00
433,812247217163987,282936724170056,Tuyá»‡ttt,2023-05-16 00:00:00
434,812247217163987,160553600108010,Äá»‰nh,2023-05-16 00:00:00
435,812247217163987,746036867319165,Nguyá»…n KhÃ¡nh HÃ ,2023-05-16 00:00:00
436,812247217163987,963744261321500,Cáº©m TÃº kcg nhÃ© ss,2023-05-16 00:00:00
437,812247217163987,3554646621526544,Cáº©m TÃº t nghÄ© lÃ  pháº£i 900000 views,2023-05-16 00:00:00
438,811824393872936,1357305258383401,Binz Da Poet .abinz,2023-05-16 00:00:00
439,811824393872936,1184194708908851,QuÃ¡ tuyá»‡t vá»i.,2023-05-16 00:00:00
440,811824393872936,3519289328308348,Binz Da Poet . má»¹ má»¹,2023-05-16 00:00:00
441,811824393872936,179247125082929,ThÃ¡ÂºÂ­t hÃ¡ÂºÂ¡nh phÃƒÂºc khi toÃƒÂ n nhÃ¡Â»Â¯ng siÃƒÂªu phÃ¡ÂºÂ©m mÃƒÂ  lÃ¡ÂºÂ¡i Ã„Â‘Ã†Â°Ã¡Â»Â£c thÃ†Â°Ã¡Â»ÂŸng thÃ¡Â»Â©c miÃƒÂªn phÃƒÂ­ Ã¢ÂÂ¤Ã¯Â¸Â,2023-05-16 00:00:00
442,811294883925887,248010804550039,Má»¹ Má»¹,2023-05-16 00:00:00
443,811294883925887,1288431512088685,ğŸ¥¹,2023-05-16 00:00:00
444,811294883925887,791830522558561,16 Typh nÃ¨,2023-05-16 00:00:00
445,811294883925887,925665098505602,Con tim vá»¡ tan ğŸ’”,2023-05-16 00:00:00
446,811294883925887,234727209177735,Yeaaaaaa,2023-05-16 00:00:00
447,811294883925887,221962673879396,Nguyá»…n Thanh Nga,2023-05-16 00:00:00
448,811294883925887,257670606832783,Nháº­t TÃ¢n gÃ´,2023-05-16 00:00:00
449,811294883925887,1283681539233583,HoÃ ng QuyÃªn,2023-05-16 00:00:00
450,811294883925887,1277292812962200,"Î•m-rÉ‘-rá»“i-anh-Æ¡
Éª-sÆ°á»›nÉ -É‹uÃ¡-á´‡É±-
rÉ‘á´œ-sáº¡Æˆh-É±á»›i-nh
áº­É´-Ğ¿á´œÃ´Éª-xeá´-á´›ÒºÃ¬
-vÃ o. CLip sex vÃº to mÃ´ng Ä‘áº¹p",2023-05-16 00:00:00
451,811294883925887,1066106034599185,"Î’DSÎœ-vá»£-dÃ¢á´-sÆ°á»›
É´É¢-Ä‘áº¿Ğ¿-ná»•i-xuáº¥t
-tiĞ¿Êœ-É´hÉªá»á´œ-láº§n
,É¾ÃªÉ´-la-tÒºáº£m-tÊœ
Éªáº¿t-xeá´-thÃ¬-á´ Ã o. CLip sex vÃº to mÃ´ng Ä‘áº¹p",2023-05-16 00:00:00
452,811294883925887,917770009528204,"MÃ³c-lá»“Ğ¿-chá»‹-ÒºÃ Ğ¿
É¢-xÃ³É±-á´›rÆ°á»›á´„-khi
-Ä‘á»‹á´›-Æ…ao-phÃª -xem-thÃ¬-á´ Ã o. CLip sex vÃº to mÃ´ng Ä‘áº¹p",2023-05-16 00:00:00
453,811294883925887,764829592012279,"Äá»‹á´›-á´‡á´-êœ±iÉ´Êœ-viÃª
n-20t-vÃº-á´›o-lá»“n
-á´Ãºp-cá»±c-sÆ°á»›nÉ¢-
xem-tÒºÃ¬-á´ Ã o. CLip sex vÃº to mÃ´ng Ä‘áº¹p",2023-05-16 00:00:00
454,811306187258090,147282028230335,ğŸ™ğŸ»,2023-05-16 00:00:00
455,811306187258090,2011161589241386,Anh CÃ´ng,2023-05-16 00:00:00
456,811306187258090,101754386261332,Anh cÃ³ quÃ  gÃ¬ háº¥p dáº«n váº¡y,2023-05-16 00:00:00
457,811306187258090,1206429210073667,ah Ä‘á»«u Milo cÃ²n Coldzy Ãºi chÃ¹i,2023-05-16 00:00:00
458,811306187258090,255687763709224,idol $A MILO,2023-05-16 00:00:00
459,811306187258090,628166458857266,V lÃ  ss cÃ³ thÃªm Milo vs Coldzy r,2023-05-16 00:00:00
460,811306187258090,1280325569252560,chÃ¡y,2023-05-16 00:00:00
461,811306187258090,2619117638238545,â¤ï¸â€ğŸ”¥,2023-05-16 00:00:00
462,811306187258090,705834057963658,ÄÄƒng DÆ°Æ¡ng Milo thÃ´i coldzy hay sáºµn,2023-05-16 00:00:00
463,811306187258090,199034486353456,2 quáº£ voice chÃ¡y 1 9 1 10 :)),2023-05-16 00:00:00
464,811306187258090,1486571662192968,ChÃ¡yğŸ”¥ğŸ”¥ğŸ”¥ğŸ”¥,2023-05-16 00:00:00
465,811306187258090,870954167772145,ğŸ™,2023-05-16 00:00:00
466,811306187258090,578127540826936,Minh Hoang bus,2023-05-16 00:00:00
467,811306187258090,906307140431608,OMG,2023-05-16 00:00:00
468,811306187258090,968285237519719,HÃ³ng hÃ³ng hÃ³ng quÃ¡ğŸ”¥,2023-05-16 00:00:00
469,811306187258090,220852514000339,HÃ³ng tháº¿ nhá»¡,2023-05-16 00:00:00
470,811306187258090,926609345243370,ğŸ˜ğŸ˜ğŸ˜ğŸ˜,2023-05-16 00:00:00
471,811306187258090,897447371345880,zá»­ r NgÃ´ Tráº§n Viá»‡t TiÃªn,2023-05-16 00:00:00
472,811306187258090,198005313153331,á»¨ng Duy KiÃªn,2023-05-16 00:00:00
473,811306187258090,645152986964365,MÃª Ã´ng $A Milo vl,2023-05-16 00:00:00
474,811306187258090,792285722264336,Ä‘á»‰nh chÃ³p luÃ´n ğŸ¤˜ğŸ¼,2023-05-16 00:00:00
475,811306187258090,1508669852874455,cÃ³ $A lÃ  choÃ¡y rá»“i Ä‘áº¥yğŸ”¥ğŸ”¥ğŸ”¥,2023-05-16 00:00:00
476,811306187258090,665615202056395,Tháº­t tuyÃªt vá»i,2023-05-16 00:00:00
477,811306187258090,558073326498219,Pháº¡m QuÃ½ DÆ°Æ¡ng chuáº©n bá»‹ nghe Coldzy kill nÃ¡t best con beat :)),2023-05-16 00:00:00
478,811306187258090,235118035778107,ChoÃ¡yyyyy ğŸ«¶ğŸ«¶,2023-05-16 00:00:00
479,810742723981103,584550090158081,ğŸ”¥,2023-05-16 00:00:00
480,810742723981103,650454303673407,ChÃ¡y,2023-05-16 00:00:00
481,810742723981103,960816908705054,Nháº£y siu hay mÃ£i lÃ  fan cá»§a space speaker chut chá»¥t chá»¥t !!!!ğŸ’–ğŸ’–ğŸ’–ğŸ’–ğŸ’–ğŸ’–,2023-05-16 00:00:00
482,810742723981103,243819278230787,larria láº§y vl,2023-05-16 00:00:00
483,810742723981103,912238533396196,Anh Soobin cá»¥a em,2023-05-16 00:00:00
484,810747570647285,698548628946484,Tuyá»‡t vá»i,2023-05-16 00:00:00
485,810747570647285,796900788290902,Ox Pee,2023-05-16 00:00:00
486,810747570647285,536687905338737,Nguyá»…n Anh Khoa :)) táº¡i kh cÃ³ Ä‘am mÃª Ã¡ mÃ i t mÃª cÃ¡i khÃ¡c,2023-05-16 00:00:00
487,810747570647285,3514170708858789,Anh Kiet mÃª gÃ¡i Ä‘Ãºng khum ğŸ¤¡,2023-05-16 00:00:00
488,810747570647285,209231451911561,Kiá»u Mai Oanh cháº¯c Ä‘Ã´ng xá»‰u luÃ´n Ã¡ c ğŸ¥²,2023-05-16 00:00:00
489,810747570647285,3720929974796680,My Ri LÃª,2023-05-16 00:00:00
490,810747570647285,1261008427851060,Th gonzo nhÃ¬n ko Æ°a,2023-05-16 00:00:00
491,810747570647285,1236283730325179,Nguyá»…n LÃª Tuáº¥n Anh,2023-05-16 00:00:00
492,810747570647285,266874562427047,LÃª Tráº§n Báº£o NgÃ¢n,2023-05-16 00:00:00
493,810747570647285,668824958416425,My Pháº¡m Ä‘hqg hcm ğŸ¥¹,2023-05-16 00:00:00
494,810747570647285,548736724114604,Toáº¹t dá»i,2023-05-16 00:00:00
495,810747570647285,1318452709067850,Anh ThÆ° m chá»n cÃ¡i nÃ o :))),2023-05-16 00:00:00
496,810747570647285,631997518840694,HÃ¢n Tráº§n oh Ã½e,2023-05-16 00:00:00
497,810747570647285,9959983844015587,â¤,2023-05-16 00:00:00
498,810747570647285,951532252747620,Minh qÃ¡ lÃ  hayyyyy,2023-05-16 00:00:00
499,810747570647285,935440467626616,Äáº·ng Khang XuÃ¢n HÆ°Æ¡ng,2023-05-16 00:00:00
500,810747570647285,759247649016256,Triá»ƒn thÃ´iii,2023-05-16 00:00:00
501,810747570647285,542192294745696,VÄƒn LÃ½,2023-05-16 00:00:00
502,809162270805815,768591594773872,MÃª Náº¯ng lÃªn,2023-05-16 00:00:00
503,809162270805815,975395050491853,Ã”ng bá»‘ TÃ¢y Há»“ á»Ÿ team Thá»• mÃ  ko tháº¥y gÃ³p giá»ng tháº¿ áº¡,2023-05-16 00:00:00
504,809162270805815,200314192379509,Náº¯ng lÃªn vs Thá»• Cypher áº¡ :(((,2023-05-16 00:00:00
505,809162270805815,606276281469477,Ai k nghe full album phÃ­... ğŸ¤£,2023-05-16 00:00:00
506,809162270805815,769957731445670,Thá»• cypher; Náº¯ng lÃªn,2023-05-16 00:00:00
